Month,R&D,Marketing,Ops
Jan,5011411.580722488,2648475.609988483,2790812.906880512
Feb,1352800.7530018294,1818251.9271684473,4732538.17221878
Mar,1172767.3065218937,3709932.078862039,1278075.3147343225
Apr,1182086.6081352595,923013.7778470468,3133983.1866403087
May,1895029.2334612727,1823653.426357787,3595245.9562860504
Jun,3196062.946630203,2261534.875432781,374057.43504798657
